model,topic_recovery_rate,avg_recovery_delay,topic_interference,cross_coherence,context_retention,context_adaptation_score,proactiveness,coherence,personalization
gemma:2b,0.0,,0.0029837328753537684,0.06363819818986825,0.1402531029251945,0.200907568239709,4.0,3.4,4.0
llama2:latest,0.0,,0.0007040858684694301,0.04925483411163369,0.13594379596164435,0.1844945442048086,4.0,4.4,4.2
llama3:instruct,0.0,,0.005005172563368765,0.08974580888184527,0.21671926219284293,0.3014598985113194,4.0,4.8,4.0
mistral:7b,0.0,,0.003737316106143344,0.05374286838108015,0.1479352787635842,0.19794083103852103,4.0,4.0,4.6
qwen:4b,0.0,,0.0,0.030330052183013444,0.08409488300790825,0.1144249351909217,4.0,3.4,3.0
qwen:7b,0.0,,0.00414414985435322,0.049329476776121685,0.11304081395354475,0.15822614087531323,3.8,3.6,3.4
