model,topic_recovery_rate,avg_recovery_delay,topic_interference,cross_coherence,context_retention,context_adaptation_score,proactiveness,coherence,personalization
gemma:2b,0.16301324389404884,4.100576587301587,0.0628586047034512,0.08172208392327367,0.09984464113316922,0.13762109671699121,3.9258883248730965,3.563451776649746,3.7472081218274114
llama2:latest,0.1298115110079119,3.7307737012987015,0.041730196542673965,0.07429535648757063,0.19202998771958096,0.1633721373287727,3.9261186264308012,3.81789802289282,3.761706555671176
llama3:instruct,0.2379782851737186,4.031823845598845,0.10934989856939184,0.11421529806013034,0.21374213444301932,0.19098826916056294,3.992108229988726,4.413754227733935,4.236753100338219
mistral:7b,0.21539972480220157,3.951730772005772,0.1019241803279471,0.09803055853479425,0.14073897107588196,0.15925366180737535,3.9807897545357522,4.129135538954109,3.9401709401709404
qwen:4b,0.14290383126934983,3.952707756132756,0.04777451356472407,0.04146817015927102,0.09224265079925922,0.1124007862031312,3.8575819672131146,3.5758196721311477,3.3954918032786887
qwen:7b,0.1957160087719298,4.165221248196248,0.06973186438103234,0.06778429527460247,0.08592312639217162,0.1248458057042553,3.8316633266533064,3.4799599198396796,3.0150300601202407
