model,topic_recovery_rate,avg_recovery_delay,topic_interference,cross_coherence,context_retention,context_adaptation_score,clarity,politeness,recovery,context_memory,engagement
gemma:2b,0.10526315789473684,2.5,0.019736842105263157,0.07635158993540778,0.11852796588688264,0.39541793392274555,4.0,5.0,4.25,3.75,3.5
llama2:latest,0.02631578947368421,4.0,0.006578947368421052,0.04309297962858354,0.13212792573818477,0.3337009426811813,4.0,5.0,4.0,4.0,4.0
llama3:instruct,0.05263157894736842,2.5,0.006578947368421052,0.07705305893329503,0.1056684849680255,0.3831029897950207,4.0,5.0,4.5,4.35,4.4
mistral:7b,0.05263157894736842,5.0,0.019736842105263157,0.07424060226550105,0.1441819357301366,0.32568593712841015,4.4,5.0,4.2,4.35,4.3
qwen:4b,0.02631578947368421,1.0,0.006578947368421052,0.11291011925146624,0.14751261492956455,0.4299720739844648,4.0,5.0,3.75,3.0,3.5
qwen:7b,0.13157894736842105,5.125,0.02631578947368421,0.20477784269334653,0.3004646819404281,0.3886568497771019,4.0,5.0,4.0,4.1,3.9
