model,topic_recovery_rate,avg_recovery_delay,topic_interference,cross_coherence,context_retention,context_adaptation_score,proactiveness,coherence,personalization
gemma:2b,0.19257602339181287,4.824199639249639,0.07536217652586773,0.08192626641282662,0.1000793227461947,0.13398851042467627,3.9157360406091373,3.5817258883248733,3.736040609137056
llama2:latest,0.24472635018919847,4.507127525252526,0.11273156287513195,0.07285623603173402,0.19172926615099004,0.15649852448125467,3.909378292939937,3.8577449947312963,3.730242360379347
llama3:instruct,0.2127610939112487,4.314078174603174,0.09629414991707337,0.11437473177042733,0.2125793912327182,0.1894880742183758,3.994456762749446,4.329268292682927,4.277161862527716
mistral:7b,0.2578660130718954,4.284935028860029,0.12002824237404991,0.09974557998756242,0.1421287238135683,0.1591301871605153,3.9848812095032398,4.205183585313175,3.964362850971922
qwen:4b,0.23974666752665977,4.604179581529582,0.11639905618407839,0.04298529746661087,0.09123687547867892,0.10799298192370994,3.8665987780040734,3.6422018348623855,3.3720693170234455
qwen:7b,0.2226501332989336,4.249351551226551,0.10922295958977934,0.06883722723195071,0.08590312084007151,0.12369332541614791,3.816,3.476,3.048
