model,topic_recovery_rate,avg_recovery_delay,topic_interference,cross_coherence,context_retention,context_adaptation_score,clarity,politeness,recovery,context_memory,engagement
gemma:2b,0.06753095975232198,3.4419999999999997,0.018175325233761766,0.08209230546115848,0.12764260464100183,0.3672291933463768,4.0445,4.9639999999999995,4.1114999999999995,3.9819999999999998,3.852
llama2:latest,0.048848469212246295,2.777678571428572,0.012267223016062026,0.04680632468711222,0.11124635295818142,0.36985689058099885,4.0575,4.992,4.0365,3.8510000000000004,3.9189999999999996
llama3:instruct,0.04940058479532164,2.689583333333333,0.013093655613392454,0.05177925504621808,0.08285353375472278,0.37024862948193726,4.0955,5.0,4.354,4.067,4.121
mistral:7b,0.05597953216374269,3.2889999999999997,0.014418620358829338,0.07191622048131328,0.1311234195384865,0.37183624932953874,4.055,4.999,4.1765,4.0405,3.952
qwen:4b,0.0852081183350533,3.948202380952381,0.022682841703933036,0.09945792263767123,0.149446349345571,0.3630425696009181,3.9949748743718594,4.899497487437186,3.6180904522613067,3.4261306532663314,3.2693467336683417
qwen:7b,0.10308995528035775,3.9297500000000003,0.027745405738052797,0.23837613071987915,0.4234018043369908,0.43746223780033666,4.0125,4.93,3.7344999999999997,3.9410000000000003,3.565
