model,topic_recovery_rate,avg_recovery_delay,topic_interference,cross_coherence,context_retention,context_adaptation_score,proactiveness,coherence,personalization
gemma:2b,0.16444444444444442,4.026,0.06873574086731982,0.08339038620267622,0.10014009803503399,0.13746905371964535,3.9183673469387754,3.693877551020408,3.7346938775510203
llama2:latest,0.15023391812865497,3.633793650793651,0.04923517126148705,0.07310292573711615,0.19472037934787245,0.16407123599684026,3.979591836734694,3.8979591836734695,3.7142857142857144
llama3:instruct,0.21789473684210525,3.6818419913419915,0.09231816721290405,0.11857201903942631,0.22008992784910375,0.19773116735052237,4.0,4.25531914893617,4.340425531914893
mistral:7b,0.21011695906432748,3.906,0.09460233918128655,0.09312035825726873,0.13724254091143273,0.15556055617515946,3.978723404255319,4.148936170212766,4.170212765957447
qwen:4b,0.16504299965600275,4.286833333333333,0.054714752567693745,0.04479502593517294,0.0915411221568909,0.11191238400334524,3.7755102040816326,3.7551020408163267,3.2653061224489797
qwen:7b,0.21595459236326106,4.083212842712843,0.07530554453000274,0.07418133215132457,0.08146539687037063,0.12739611381479643,3.82,3.48,3.24
