model,topic_recovery_rate,avg_recovery_delay,topic_interference,cross_coherence,context_retention,context_adaptation_score,proactiveness,coherence,personalization
gemma:2b,0.7489191919191919,0.9507965367965368,0.011095817568862815,0.3975785714285714,0.017775976334819726,0.3944494430674738,7.381443298969073,7.494845360824742,7.412371134020619
llama2:latest,0.6859404761904762,0.8501042568542568,0.00975935156505437,0.30194738095238094,0.035993579430951404,0.31088647084273696,7.99,7.94,7.7
llama3:instruct,0.5357466977466977,0.8025306637806637,0.012126026096504962,0.19897642857142855,0.052306844442342945,0.214464345089086,7.61,7.61,7.28
mistral:7b,0.7430887168387169,0.78276443001443,0.003883449773762157,0.3709661904761905,0.05132326332085826,0.3880086542523514,7.46,7.84,7.08
qwen:4b,0.5300764513264513,1.1496818181818182,0.0007710461037941522,0.23777047619047617,0.004257946407798682,0.23915852027370946,7.45,7.7,7.13
qwen:7b,0.5639766899766899,0.461260989010989,0.00605612108305732,0.20204282828282827,0.09541338399954165,0.2502851500529178,7.35,7.67,7.36
