model,topic_recovery_rate,avg_recovery_delay,topic_interference,cross_coherence,context_retention,context_adaptation_score,proactiveness,coherence,personalization
gemma:2b,0.15,0.6666666666666666,0.0046280837379026425,0.03677380952380953,0.06101860091006143,0.08130622966872716,4.0,4.0,4.4
llama2:latest,0.09,0.0,0.0017826324578303105,0.027230158730158733,0.06062427621538069,0.07303264792645948,4.0,4.0,3.8
llama3:instruct,0.11666666666666665,0.0,0.005273952682758619,0.03197619047619048,0.06226842313461693,0.08669799010156783,4.0,4.4,4.2
mistral:7b,0.09,0.0,0.004309502826781739,0.049005952380952386,0.11315399101296988,0.14511338804967783,4.0,4.6,4.4
qwen:4b,0.0,,6.369426751592357e-05,0.011583333333333333,0.01925703331478662,0.028300869245400963,4.0,3.2,3.4
qwen:7b,0.21666666666666665,0.3333333333333333,0.002644651964871886,0.025,0.05210205293162103,0.07253552912711472,3.6,3.8,3.8
