model,topic_recovery_rate,avg_recovery_delay,topic_interference,cross_coherence,context_retention,context_adaptation_score,proactiveness,coherence,personalization
gemma:2b,0.0,,0.002995238095238095,0.05119392827438417,0.12569119240992427,0.17388988258907034,4.0,4.2,3.8
llama2:latest,0.0,,0.0016640189559345413,0.05204286650158242,0.14397598653486246,0.1943548340805103,3.8,4.0,4.0
llama3:instruct,0.0,,0.005002234278294292,0.08248329661790386,0.2029282624512468,0.2804093247908564,4.0,4.0,4.4
mistral:7b,0.0,,0.0026704800687310437,0.05515371706767704,0.14955648425689524,0.20203972125584127,4.0,3.6,3.8
qwen:4b,0.0,,0.0009441737507775244,0.03135461286749407,0.08526839694642549,0.11567883606314204,3.8,3.4,3.8
qwen:7b,0.0,,0.0027039042889883225,0.0465523948445775,0.10068540608178707,0.14453389663737626,4.0,3.4,3.8
