model,topic_recovery_rate,avg_recovery_delay,recovery_rate_cosine,avg_recovery_delay_cosine
gemma:2b,0.15,0.6666666666666666,0.1,0.0
llama2:latest,0.09,0.0,0.09,0.0
llama3:instruct,0.11666666666666665,0.0,0.11666666666666665,0.0
mistral:7b,0.09,0.0,0.04,0.0
qwen:4b,0.0,,0.0,
qwen:7b,0.21666666666666665,0.3333333333333333,0.21666666666666665,0.3333333333333333
