model,topic_recovery_rate,avg_recovery_delay,recovery_rate_cosine,avg_recovery_delay_cosine
gemma:2b,0.7489191919191919,0.9507965367965368,0.06883605283605283,0.24
llama2:latest,0.6859404761904762,0.8501042568542568,0.1219075924075924,0.24564102564102563
llama3:instruct,0.5357466977466977,0.8025306637806637,0.18737218337218337,0.3199275362318841
mistral:7b,0.7430887168387169,0.78276443001443,0.2058491785991786,0.16317460317460317
qwen:4b,0.5300764513264513,1.1496818181818182,0.011345820845820847,0.5
qwen:7b,0.5639766899766899,0.461260989010989,0.3645872183372183,0.15007142857142855
