,trajectory_adaptation_score_mean,semantic_similarity_mean,dst_f1_mean,recommendation_satisfaction_mean
trajectory_adaptation_score_mean,1.0,0.5735589261767735,0.6076597639723892,-0.2049855533600343
semantic_similarity_mean,0.5735589261767735,1.0,0.46539065371968696,-0.16840934371523916
dst_f1_mean,0.6076597639723892,0.46539065371968696,1.0,-0.20676610105480114
recommendation_satisfaction_mean,-0.2049855533600343,-0.16840934371523916,-0.20676610105480114,1.0
