,trajectory_adaptation_score_mean,semantic_similarity_mean,dst_f1_mean
trajectory_adaptation_score_mean,1.0,-0.14032519233369276,-0.09266375281539586
semantic_similarity_mean,-0.14032519233369276,1.0,0.545277459217732
dst_f1_mean,-0.09266375281539586,0.545277459217732,1.0
