model,tas_volatility
gemma:2b,0.48830487197918315
llama2:latest,0.45702230237414854
llama3:instruct,0.4078101859456811
mistral:7b,0.4777685619276435
qwen:4b,0.4182979889926683
qwen:7b,0.4197613365075376
