model,tas_volatility
gemma:2b,0.22854869671294614
llama2:latest,0.1928740178723585
llama3:instruct,0.2251625288604338
mistral:7b,0.2808645582676035
qwen:4b,0.0994891537642291
qwen:7b,0.22315089368622357
